message_id,session_id,role,content,created_at,retrieved_chunk_ids,follow_up_questions,chart,token_usage
MSG-1790679344787-u,SESS-1790679339540-7049,user,Is Siddharth Saxena improving in communication?,2026-09-29T10:55:44.787Z,,,,
MSG-1790679344787-a,SESS-1790679339540-7049,assistant,"Yes, Siddharth Saxena is improving in communication (summary, E-0001/communication, 2026-09-29). 

Key details regarding this trajectory include:
* **Verdict and Metrics:** The current verdict is ""improving"" with a confidence of 91%, an estimated level of 3.68 out of 5, and a velocity of +0.28 per quarter (summary, E-0001/communication, 2026-09-29).
* **Progress:** Observations note improvements such as communicating status clearly to the immediate team and independently managing stakeholder expectations by translating tradeoffs into plain terms (evidence, E-0001/communication, 2025-07-27; evidence, E-0001/communication, 2025-12-06).",2026-09-29T10:55:44.788Z,"[""CHK-SUM-E-0001-communication"",""CHK-EV-EV-0000094"",""CHK-EV-EV-0000098"",""CHK-EV-EV-0000112""]",,,
MSG-1790679371372-u,SESS-1790679367114-5056,user,Regarding employee E-0001: Is Siddharth declining in execution?,2026-09-29T10:56:11.372Z,,,,
MSG-1790679371372-a,SESS-1790679367114-5056,assistant,"Yes, Siddharth Saxena's execution is currently assessed as declining with a 95% confidence rating (summary, E-0001/execution, 2026-09-29). Review evidence from early 2026 notes several indicators of a decline, including delivering ambiguous work, working only within immediate task boundaries, and rarely coordinating with others ((evidence, E-0001/execution, 2026-03-01); (evidence, E-0001/execution, 2026-01-22)).",2026-09-29T10:56:11.373Z,"[""CHK-SUM-E-0001-execution"",""CHK-EV-EV-0000132"",""CHK-EV-EV-0000130"",""CHK-EV-EV-0000146"",""CHK-EV-EV-0000095"",""CHK-EV-EV-0000047""]",,,
MSG-1790680227947-u,SESS-1790680156425-8748,user,Regarding employee E-0001: Tell me summary,2026-09-29T11:10:27.947Z,,,,
MSG-1790680227947-a,SESS-1790680156425-8748,assistant,"Here is the summary for employee E-0001 (Siddharth Saxena, Associate Engineering, Engineering), whose role target level is 1.6 (summary, E-0001/execution, 2026-09-29):

* **Execution & Delivery:** Declining (confidence 95%). Estimated current level is 2.03 of 5, with a velocity of -0.30 per quarter (summary, E-0001/execution, 2026-09-29).
* **Problem Solving:** Insufficient evidence (confidence 68%). Estimated current level is 2.19 of 5, with a velocity of +0.09 per quarter (summary, E-0001/problem_solving, 2026-09-29).
* **Code Quality:** Insufficient evidence (confidence 47%) with very thin evidence flags. Estimated current level is 1.99 of 5, with a velocity of -0.05 per quarter (summary, E-0001/code_quality, 2026-09-29).
* **Collaboration:** Stagnating (confidence 85%). Estimated current level is 1.28 of 5, with a velocity of -0.04 per quarter (summary, E-0001/collaboration, 2026-09-29).
* **Communication:** Improving (confidence 91%). Estimated current level is 3.68 of 5, with a velocity of +0.28 per quarter (summary, E-0001/communication, 2026-09-29).
* **System Design:** Improving (confidence 83%). Estimated current level is 2.71 of 5, with a velocity of +0.23 per quarter (summary, E-0001/system_design, 2026-09-29).",2026-09-29T11:10:27.948Z,"[""CHK-SUM-E-0001-execution"",""CHK-SUM-E-0001-problem_solving"",""CHK-SUM-E-0001-code_quality"",""CHK-SUM-E-0001-collaboration"",""CHK-SUM-E-0001-communication"",""CHK-SUM-E-0001-system_design"",""CHK-EV-EV-0000147"",""CHK-EV-EV-0000146""]",,,
MSG-1790681040512-u,SESS-1790681032194-4662,user,Regarding employee E-0001: Is Siddharth improving or declining overall?,2026-09-29T11:24:00.512Z,,,,
MSG-1790681040512-a,SESS-1790681032194-4662,assistant,"There isn't enough evidence to answer that confidently. 

The provided data contains mixed trajectories across different skill areas for Siddharth Saxena rather than a single overall verdict:
* **Execution & Delivery:** Declining (estimated level 2.03 of 5) (summary, E-0001/execution, 2026-09-29).
* **Communication:** Improving (estimated level 3.68 of 5) (summary, E-0001/communication, 2026-09-29).
* **Collaboration:** Stagnating (estimated level 1.28 of 5) (summary, E-0001/collaboration, 2026-09-29).
* **System Design:** Improving (estimated level 2.71 of 5) (summary, E-0001/system_design, 2026-09-29).
* **Code Quality & Problem Solving:** Classified as insufficient evidence (summary, E-0001/code_quality, 2026-09-29; summary, E-0001/problem_solving, 2026-09-29).",2026-09-29T11:24:00.513Z,"[""CHK-SUM-E-0001-execution"",""CHK-SUM-E-0001-communication"",""CHK-SUM-E-0001-collaboration"",""CHK-SUM-E-0001-system_design"",""CHK-SUM-E-0001-code_quality"",""CHK-SUM-E-0001-problem_solving"",""CHK-EV-EV-0000062"",""CHK-EV-EV-0000061""]",,,
MSG-1790681241729-u,SESS-1790681170164-4642,user,Regarding employee E-0001: What should Siddharth focus on next quarter?,2026-09-29T11:27:21.729Z,,,,
MSG-1790681241729-a,SESS-1790681170164-4642,assistant,"Based on the provided evidence, there is no explicit mention of what Siddharth should focus on next quarter. However, the evidence notes specific developmental needs and trajectories across his skills:

* **Collaboration:** Stagnating at an estimated level of 1.28 of 5 (summary, E-0001/collaboration, 2026-09-29). Past feedback notes that he works well only within immediate task boundaries and rarely coordinates with others, which is highlighted as an area to keep developing (evidence, E-0001/collaboration, 2025-03-27).
* **Execution & Delivery:** Declining at an estimated level of 2.03 of 5, with a velocity of -0.30 per quarter (summary, E-0001/execution, 2026-09-29).
* **Code Quality:** Flagged as having insufficient evidence (based on only 2 observations, with 41% evidence sufficiency) at an estimated level of 1.99 of 5 (summary, E-0001/code_quality, 2026-09-29).
* **Problem Solving:** Also marked as insufficient evidence (confidence 68%) at an estimated level of 2.19 of 5 (summary, E-0001/problem_solving, 2026-09-29), with past notes indicating he implements designs handed to him and rarely raises non-functional concerns (evidence, E-0001/problem_solving, 2025-03-27).",2026-09-29T11:27:21.730Z,"[""CHK-SUM-E-0001-communication"",""CHK-SUM-E-0001-system_design"",""CHK-SUM-E-0001-execution"",""CHK-SUM-E-0001-collaboration"",""CHK-SUM-E-0001-code_quality"",""CHK-SUM-E-0001-problem_solving"",""CHK-EV-EV-0000062"",""CHK-EV-EV-0000061""]",,,
MSG-1790681436429-u,SESS-1790681432117-1323,user,Is Siddharth Saxena improving in communication?,2026-09-29T11:30:36.429Z,,,,
MSG-1790681436429-a,SESS-1790681432117-1323,assistant,"Yes, Siddharth Saxena's communication is assessed as improving with a confidence of 91% (summary, E-0001/communication, 2026-09-29). His estimated current level is 3.68 out of 5 with a velocity of +0.28 per quarter, and his role target level is 1.6 (summary, E-0001/communication, 2026-09-29).",2026-09-29T11:30:36.430Z,"[""CHK-SUM-E-0001-communication"",""CHK-EV-EV-0000094"",""CHK-EV-EV-0000098"",""CHK-EV-EV-0000112""]","[""What is Siddharth's current level?"",""How many observations support this?"",""What are his stakeholder skills?""]","{""type"":""trajectory"",""competency_id"":""communication"",""competency_name"":""Communication"",""history"":[{""t"":0.263,""level"":1.638,""level_sd"":0.931,""trend"":-0.056,""observed_level"":1,""eventId"":""EV-0000041""},{""t"":1.216,""level"":1.817,""level_sd"":0.585,""trend"":0.03,""observed_level"":1.89,""eventId"":""EV-0000174""},{""t"":1.392,""level"":1.761,""level_sd"":0.426,""trend"":0.001,""observed_level"":1.71,""eventId"":""EV-0000051""},{""t"":2.597,""level"":1.828,""level_sd"":0.776,""trend"":0.036,""observed_level"":2,""eventId"":""EV-0000069""},{""t"":3.277,""level"":1.948,""level_sd"":0.642,""trend"":0.076,""observed_level"":2,""eventId"":""EV-0000094""},{""t"":3.386,""level"":2.349,""level_sd"":0.438,""trend"":0.236,""observed_level"":2.64,""eventId"":""EV-0000079""},{""t"":3.474,""level"":2.3,""level_sd"":0.409,""trend"":0.207,""observed_level"":2,""eventId"":""EV-0000098""},{""t"":4.011,""level"":2.367,""level_sd"":0.482,""trend"":0.191,""observed_level"":2,""eventId"":""EV-0000104""},{""t"":4.723,""level"":2.703,""level_sd"":0.482,""trend"":0.255,""observed_level"":3,""eventId"":""EV-0000112""},{""t"":5.863,""level"":3.189,""level_sd"":0.44,""trend"":0.305,""observed_level"":3.33,""eventId"":""EV-0000114""},{""t"":6.652,""level"":3.371,""level_sd"":0.501,""trend"":0.292,""observed_level"":3,""eventId"":""EV-0000139""},{""t"":6.937,""level"":3.392,""level_sd"":0.429,""trend"":0.278,""observed_level"":3.28,""eventId"":""EV-0000167""},{""t"":7.529,""level"":3.605,""level_sd"":0.464,""trend"":0.288,""observed_level"":4,""eventId"":""EV-0000161""},{""t"":7.858,""level"":3.683,""level_sd"":0.377,""trend"":0.285,""observed_level"":3.66,""eventId"":""EV-0000149""}],""role_target_level"":1.6,""verdict"":""improving""}","{""promptTokens"":886,""outputTokens"":223,""totalTokens"":1109}"
MSG-1790681448032-u,SESS-1790681444160-3071,user,Is Siddharth Saxena improving in communication?,2026-09-29T11:30:48.032Z,,,,
MSG-1790681448032-a,SESS-1790681444160-3071,assistant,"Yes, Siddharth Saxena's communication trajectory is rated as improving with a confidence of 91% (summary, E-0001/communication, 2026-09-29). His estimated current level is 3.68 out of 5 with a velocity of +0.28 per quarter, while his role target level is 1.6 (summary, E-0001/communication, 2026-09-29). Evidence notes specific improvements such as communicating status clearly to the immediate team (evidence, E-0001/communication, 2025-07-27; evidence, E-0001/communication, 2025-08-14) and independently managing stakeholder expectations while translating tradeoffs into plain terms (evidence, E-0001/communication, 2025-12-06).",2026-09-29T11:30:48.033Z,"[""CHK-SUM-E-0001-communication"",""CHK-EV-EV-0000094"",""CHK-EV-EV-0000098"",""CHK-EV-EV-0000112""]","[""What is Siddharth's velocity?"",""How many observations exist?"",""What are his stakeholder skills?""]","{""type"":""trajectory"",""competency_id"":""communication"",""competency_name"":""Communication"",""history"":[{""t"":0.263,""level"":1.638,""level_sd"":0.931,""trend"":-0.056,""observed_level"":1,""eventId"":""EV-0000041""},{""t"":1.216,""level"":1.817,""level_sd"":0.585,""trend"":0.03,""observed_level"":1.89,""eventId"":""EV-0000174""},{""t"":1.392,""level"":1.761,""level_sd"":0.426,""trend"":0.001,""observed_level"":1.71,""eventId"":""EV-0000051""},{""t"":2.597,""level"":1.828,""level_sd"":0.776,""trend"":0.036,""observed_level"":2,""eventId"":""EV-0000069""},{""t"":3.277,""level"":1.948,""level_sd"":0.642,""trend"":0.076,""observed_level"":2,""eventId"":""EV-0000094""},{""t"":3.386,""level"":2.349,""level_sd"":0.438,""trend"":0.236,""observed_level"":2.64,""eventId"":""EV-0000079""},{""t"":3.474,""level"":2.3,""level_sd"":0.409,""trend"":0.207,""observed_level"":2,""eventId"":""EV-0000098""},{""t"":4.011,""level"":2.367,""level_sd"":0.482,""trend"":0.191,""observed_level"":2,""eventId"":""EV-0000104""},{""t"":4.723,""level"":2.703,""level_sd"":0.482,""trend"":0.255,""observed_level"":3,""eventId"":""EV-0000112""},{""t"":5.863,""level"":3.189,""level_sd"":0.44,""trend"":0.305,""observed_level"":3.33,""eventId"":""EV-0000114""},{""t"":6.652,""level"":3.371,""level_sd"":0.501,""trend"":0.292,""observed_level"":3,""eventId"":""EV-0000139""},{""t"":6.937,""level"":3.392,""level_sd"":0.429,""trend"":0.278,""observed_level"":3.28,""eventId"":""EV-0000167""},{""t"":7.529,""level"":3.605,""level_sd"":0.464,""trend"":0.288,""observed_level"":4,""eventId"":""EV-0000161""},{""t"":7.858,""level"":3.683,""level_sd"":0.377,""trend"":0.285,""observed_level"":3.66,""eventId"":""EV-0000149""}],""role_target_level"":1.6,""verdict"":""improving""}","{""promptTokens"":886,""outputTokens"":317,""totalTokens"":1203}"
MSG-1790681451711-u,SESS-1790681444160-3071,user,What about his execution?,2026-09-29T11:30:51.711Z,,,,
MSG-1790681451711-a,SESS-1790681444160-3071,assistant,"Siddharth Saxena's execution trajectory is rated as declining with a confidence of 95% (summary, E-0001/execution, 2026-09-29). His estimated current level is 2.03 out of 5 with a velocity of -0.30 per quarter, while his role target level is 1.6 (summary, E-0001/execution, 2026-09-29). Evidence notes mixed progress over time, such as solving well-defined problems independently and delivering scoped work reliably with close estimates (evidence, E-0001/execution, 2026-06-05), alongside observations that he works well only within immediate task boundaries and rarely coordinates with others (evidence, E-0001/execution, 2026-01-22; evidence, E-0001/execution, 2026-06-05).",2026-09-29T11:30:51.712Z,"[""CHK-SUM-E-0001-execution"",""CHK-EV-EV-0000146"",""CHK-EV-EV-0000130"",""CHK-EV-EV-0000095"",""CHK-EV-EV-0000132"",""CHK-EV-EV-0000047""]","[""Why is execution declining?"",""What are his specific execution strengths?"",""How many total observations exist?""]","{""type"":""trajectory"",""competency_id"":""execution"",""competency_name"":""Execution & Delivery"",""history"":[{""t"":0.263,""level"":3.327,""level_sd"":0.956,""trend"":0.053,""observed_level"":4,""eventId"":""EV-0000042""},{""t"":0.351,""level"":3.76,""level_sd"":0.578,""trend"":0.101,""observed_level"":4,""eventId"":""EV-0000047""},{""t"":0.997,""level"":4.039,""level_sd"":0.52,""trend"":0.228,""observed_level"":4.22,""eventId"":""EV-0000037""},{""t"":1.808,""level"":4.221,""level_sd"":0.484,""trend"":0.227,""observed_level"":4.22,""eventId"":""EV-0000053""},{""t"":1.984,""level"":4.261,""level_sd"":0.428,""trend"":0.226,""observed_level"":4.26,""eventId"":""EV-0000057""},{""t"":2.597,""level"":4.332,""level_sd"":0.558,""trend"":0.191,""observed_level"":4,""eventId"":""EV-0000070""},{""t"":2.981,""level"":4.063,""level_sd"":0.489,""trend"":0.032,""observed_level"":3.69,""eventId"":""EV-0000065""},{""t"":3.145,""level"":3.718,""level_sd"":0.39,""trend"":-0.123,""observed_level"":3.3,""eventId"":""EV-0000081""},{""t"":3.277,""level"":3.765,""level_sd"":0.368,""trend"":-0.096,""observed_level"":4,""eventId"":""EV-0000095""},{""t"":3.989,""level"":3.508,""level_sd"":0.408,""trend"":-0.167,""observed_level"":3.13,""eventId"":""EV-0000089""},{""t"":4.011,""level"":3.466,""level_sd"":0.396,""trend"":-0.181,""observed_level"":3,""eventId"":""EV-0000105""},{""t"":4.997,""level"":3.203,""level_sd"":0.44,""trend"":-0.206,""observed_level"":3.07,""eventId"":""EV-0000100""},{""t"":5.238,""level"":3.113,""level_sd"":0.407,""trend"":-0.218,""observed_level"":3,""eventId"":""EV-0000130""},{""t"":5.655,""level"":2.825,""level_sd"":0.414,""trend"":-0.27,""observed_level"":2,""eventId"":""EV-0000132""},{""t"":5.918,""level"":2.846,""level_sd"":0.353,""trend"":-0.247,""observed_level"":3,""eventId"":""EV-0000116""},{""t"":5.984,""level"":2.811,""level_sd"":0.32,""trend"":-0.252,""observed_level"":2.74,""eventId"":""EV-0000124""},{""t"":6.652,""level"":2.594,""level_sd"":0.37,""trend"":-0.263,""observed_level"":2,""eventId"":""EV-0000140""},{""t"":6.707,""level"":2.469,""level_sd"":0.338,""trend"":-0.288,""observed_level"":2,""eventId"":""EV-0000146""},{""t"":6.981,""level"":2.397,""level_sd"":0.323,""trend"":-0.287,""observed_level"":2.42,""eventId"":""EV-0000135""},{""t"":7.386,""level"":2.222,""level_sd"":0.304,""trend"":-0.299,""observed_level"":2.07,""eventId"":""EV-0000151""},{""t"":7.529,""level"":2.17,""level_sd"":0.307,""trend"":-0.301,""observed_level"":2,""eventId"":""EV-0000162""},{""t"":7.978,""level"":2.034,""level_sd"":0.309,""trend"":-0.301,""observed_level"":2.03,""eventId"":""EV-0000157""}],""role_target_level"":1.6,""verdict"":""declining""}","{""promptTokens"":1524,""outputTokens"":337,""totalTokens"":1861}"
MSG-1790681473392-u,SESS-1790681468869-3052,user,Regarding employee E-0001: Is Siddharth improving in communication?,2026-09-29T11:31:13.392Z,,,,
MSG-1790681473392-a,SESS-1790681468869-3052,assistant,"Yes, Siddharth Saxena's communication competency is assessed as improving with a 91% confidence rating (summary, E-0001/communication, 2026-09-29). His estimated current level is 3.68 out of 5, with a velocity of +0.28 per quarter, surpassing his role target level of 1.6 (summary, E-0001/communication, 2026-09-29). Review notes highlight clear status communication to the immediate team, though he previously needed help framing for stakeholders (evidence, E-0001/communication, 2025-07-27, 2025-08-14), and later showed a clear step up in independently managing stakeholder expectations and translating tradeoffs (evidence, E-0001/communication, 2025-12-06).",2026-09-29T11:31:13.393Z,"[""CHK-SUM-E-0001-communication"",""CHK-EV-EV-0000094"",""CHK-EV-EV-0000098"",""CHK-EV-EV-0000112""]","[""What is Siddharth's current communication level?"",""What evidence supports the stakeholder improvements?"",""How many observations are tracked for communication?""]","{""type"":""trajectory"",""competency_id"":""communication"",""competency_name"":""Communication"",""history"":[{""t"":0.263,""level"":1.638,""level_sd"":0.931,""trend"":-0.056,""observed_level"":1,""eventId"":""EV-0000041""},{""t"":1.216,""level"":1.817,""level_sd"":0.585,""trend"":0.03,""observed_level"":1.89,""eventId"":""EV-0000174""},{""t"":1.392,""level"":1.761,""level_sd"":0.426,""trend"":0.001,""observed_level"":1.71,""eventId"":""EV-0000051""},{""t"":2.597,""level"":1.828,""level_sd"":0.776,""trend"":0.036,""observed_level"":2,""eventId"":""EV-0000069""},{""t"":3.277,""level"":1.948,""level_sd"":0.642,""trend"":0.076,""observed_level"":2,""eventId"":""EV-0000094""},{""t"":3.386,""level"":2.349,""level_sd"":0.438,""trend"":0.236,""observed_level"":2.64,""eventId"":""EV-0000079""},{""t"":3.474,""level"":2.3,""level_sd"":0.409,""trend"":0.207,""observed_level"":2,""eventId"":""EV-0000098""},{""t"":4.011,""level"":2.367,""level_sd"":0.482,""trend"":0.191,""observed_level"":2,""eventId"":""EV-0000104""},{""t"":4.723,""level"":2.703,""level_sd"":0.482,""trend"":0.255,""observed_level"":3,""eventId"":""EV-0000112""},{""t"":5.863,""level"":3.189,""level_sd"":0.44,""trend"":0.305,""observed_level"":3.33,""eventId"":""EV-0000114""},{""t"":6.652,""level"":3.371,""level_sd"":0.501,""trend"":0.292,""observed_level"":3,""eventId"":""EV-0000139""},{""t"":6.937,""level"":3.392,""level_sd"":0.429,""trend"":0.278,""observed_level"":3.28,""eventId"":""EV-0000167""},{""t"":7.529,""level"":3.605,""level_sd"":0.464,""trend"":0.288,""observed_level"":4,""eventId"":""EV-0000161""},{""t"":7.858,""level"":3.683,""level_sd"":0.377,""trend"":0.285,""observed_level"":3.66,""eventId"":""EV-0000149""}],""role_target_level"":1.6,""verdict"":""improving""}","{""promptTokens"":900,""outputTokens"":327,""totalTokens"":1227}"
MSG-1790681506108-u,SESS-1790681397519-1500,user,Regarding employee E-0001: What's Siddharth's biggest risk area right now?,2026-09-29T11:31:46.108Z,,,,
MSG-1790681506108-a,SESS-1790681397519-1500,assistant,"Siddharth Saxena does not have a single overall score, but looking per-competency, his biggest risk area is Execution & Delivery, which is assessed as declining with a velocity of -0.30 per quarter (summary, E-0001/execution, 2026-09-29). Additionally, his Collaboration competency is stagnating with a velocity of -0.04 per quarter (summary, E-0001/collaboration, 2026-09-29), and Code Quality has insufficient evidence due to very thin data (summary, E-0001/code_quality, 2026-09-29).",2026-09-29T11:31:46.109Z,"[""CHK-SUM-E-0001-execution"",""CHK-SUM-E-0001-collaboration"",""CHK-SUM-E-0001-system_design"",""CHK-SUM-E-0001-communication"",""CHK-SUM-E-0001-code_quality"",""CHK-SUM-E-0001-problem_solving"",""CHK-EV-EV-0000062"",""CHK-EV-EV-0000061""]","[""Why is Execution declining?"",""What is the velocity for Collaboration?"",""Tell me about System Design""]","{""type"":""comparison"",""employee_name"":""Siddharth Saxena"",""competencies"":[{""competency_id"":""code_quality"",""name"":""Code Quality"",""level"":1.989,""role_target_level"":1.6,""verdict"":""insufficient_evidence"",""confidence"":0.465},{""competency_id"":""collaboration"",""name"":""Collaboration"",""level"":1.282,""role_target_level"":1.6,""verdict"":""stagnating"",""confidence"":0.845},{""competency_id"":""communication"",""name"":""Communication"",""level"":3.683,""role_target_level"":1.6,""verdict"":""improving"",""confidence"":0.905},{""competency_id"":""execution"",""name"":""Execution & Delivery"",""level"":2.034,""role_target_level"":1.6,""verdict"":""declining"",""confidence"":0.953},{""competency_id"":""problem_solving"",""name"":""Problem Solving"",""level"":2.194,""role_target_level"":1.6,""verdict"":""insufficient_evidence"",""confidence"":0.679},{""competency_id"":""system_design"",""name"":""System Design"",""level"":2.708,""role_target_level"":1.6,""verdict"":""improving"",""confidence"":0.827}]}","{""promptTokens"":1309,""outputTokens"":271,""totalTokens"":1580}"
MSG-1790681530124-u,SESS-1790681397519-1500,user,Why is Execution declining?,2026-09-29T11:32:10.124Z,,,,
MSG-1790681530124-a,SESS-1790681397519-1500,assistant,"Siddharth's Execution & Delivery is assessed as declining (summary, E-0001/execution, 2026-09-29) because multiple reviews note steps back in core delivery behaviors. Specifically, reviews from 2026 note that he delivers ambiguous, loosely-scoped work and manages his own scope tradeoffs as a decline from previous cycles (evidence, E-0001/execution, 2026-03-01; evidence, E-0001/execution, 2026-01-22). Additionally, feedback points out that he works well only within immediate task boundaries and rarely coordinates with others, which represents a step back compared to earlier performance (evidence, E-0001/execution, 2026-03-01; evidence, E-0001/execution, 2026-01-22).",2026-09-29T11:32:10.125Z,"[""CHK-SUM-E-0001-execution"",""CHK-EV-EV-0000132"",""CHK-EV-EV-0000130"",""CHK-EV-EV-0000095"",""CHK-EV-EV-0000146"",""CHK-EV-EV-0000047""]","[""What are his collaboration trends?"",""When did execution start declining?"",""How does his level compare?""]","{""type"":""trajectory"",""competency_id"":""execution"",""competency_name"":""Execution & Delivery"",""history"":[{""t"":0.263,""level"":3.327,""level_sd"":0.956,""trend"":0.053,""observed_level"":4,""eventId"":""EV-0000042""},{""t"":0.351,""level"":3.76,""level_sd"":0.578,""trend"":0.101,""observed_level"":4,""eventId"":""EV-0000047""},{""t"":0.997,""level"":4.039,""level_sd"":0.52,""trend"":0.228,""observed_level"":4.22,""eventId"":""EV-0000037""},{""t"":1.808,""level"":4.221,""level_sd"":0.484,""trend"":0.227,""observed_level"":4.22,""eventId"":""EV-0000053""},{""t"":1.984,""level"":4.261,""level_sd"":0.428,""trend"":0.226,""observed_level"":4.26,""eventId"":""EV-0000057""},{""t"":2.597,""level"":4.332,""level_sd"":0.558,""trend"":0.191,""observed_level"":4,""eventId"":""EV-0000070""},{""t"":2.981,""level"":4.063,""level_sd"":0.489,""trend"":0.032,""observed_level"":3.69,""eventId"":""EV-0000065""},{""t"":3.145,""level"":3.718,""level_sd"":0.39,""trend"":-0.123,""observed_level"":3.3,""eventId"":""EV-0000081""},{""t"":3.277,""level"":3.765,""level_sd"":0.368,""trend"":-0.096,""observed_level"":4,""eventId"":""EV-0000095""},{""t"":3.989,""level"":3.508,""level_sd"":0.408,""trend"":-0.167,""observed_level"":3.13,""eventId"":""EV-0000089""},{""t"":4.011,""level"":3.466,""level_sd"":0.396,""trend"":-0.181,""observed_level"":3,""eventId"":""EV-0000105""},{""t"":4.997,""level"":3.203,""level_sd"":0.44,""trend"":-0.206,""observed_level"":3.07,""eventId"":""EV-0000100""},{""t"":5.238,""level"":3.113,""level_sd"":0.407,""trend"":-0.218,""observed_level"":3,""eventId"":""EV-0000130""},{""t"":5.655,""level"":2.825,""level_sd"":0.414,""trend"":-0.27,""observed_level"":2,""eventId"":""EV-0000132""},{""t"":5.918,""level"":2.846,""level_sd"":0.353,""trend"":-0.247,""observed_level"":3,""eventId"":""EV-0000116""},{""t"":5.984,""level"":2.811,""level_sd"":0.32,""trend"":-0.252,""observed_level"":2.74,""eventId"":""EV-0000124""},{""t"":6.652,""level"":2.594,""level_sd"":0.37,""trend"":-0.263,""observed_level"":2,""eventId"":""EV-0000140""},{""t"":6.707,""level"":2.469,""level_sd"":0.338,""trend"":-0.288,""observed_level"":2,""eventId"":""EV-0000146""},{""t"":6.981,""level"":2.397,""level_sd"":0.323,""trend"":-0.287,""observed_level"":2.42,""eventId"":""EV-0000135""},{""t"":7.386,""level"":2.222,""level_sd"":0.304,""trend"":-0.299,""observed_level"":2.07,""eventId"":""EV-0000151""},{""t"":7.529,""level"":2.17,""level_sd"":0.307,""trend"":-0.301,""observed_level"":2,""eventId"":""EV-0000162""},{""t"":7.978,""level"":2.034,""level_sd"":0.309,""trend"":-0.301,""observed_level"":2.03,""eventId"":""EV-0000157""}],""role_target_level"":1.6,""verdict"":""declining""}","{""promptTokens"":1440,""outputTokens"":320,""totalTokens"":1760}"