competency_id,name,scope,department,anchors,decay_half_life_months,is_compensatory,population_median_velocity
communication,Communication,shared,,"{""1"":""Struggles to explain work to non-technical stakeholders."",""2"":""Communicates status clearly to immediate team; needs help framing for stakeholders."",""3"":""Independently manages stakeholder expectations; translates tradeoffs into plain terms."",""4"":""Proactively aligns multiple stakeholders before conflicts arise; trusted to represent the team externally."",""5"":""Shapes stakeholder strategy org-wide; sought out for the most sensitive conversations.""}",18,true,0.05
execution,Execution & Delivery,shared,,"{""1"":""Frequently misses estimates; needs close tracking."",""2"":""Delivers scoped work reliably; estimates are usually close."",""3"":""Delivers ambiguous, loosely-scoped work; manages own scope tradeoffs."",""4"":""Delivers complex cross-team initiatives predictably; unblocks others proactively."",""5"":""Delivery track record is the benchmark used for org-wide planning.""}",18,true,0.05
collaboration,Collaboration,shared,,"{""1"":""Works well only within immediate task boundaries; rarely coordinates with others."",""2"":""Coordinates reliably with immediate teammates on shared work."",""3"":""Proactively coordinates across functions; resolves cross-team friction without escalation."",""4"":""Builds structures (rituals, docs, shared tools) that make collaboration easier for the whole team."",""5"":""Sets collaboration norms adopted org-wide; sought out to unblock cross-org friction.""}",18,true,0.05
problem_solving,Problem Solving,shared,,"{""1"":""Solves problems only with heavy guidance; struggles with ambiguity."",""2"":""Solves well-defined problems independently."",""3"":""Diagnoses root causes in ambiguous, multi-system problems."",""4"":""Solves problems others have given up on; approach becomes the team playbook."",""5"":""Sought out org-wide for the hardest unsolved problems.""}",18,true,0.05
system_design,System Design,department,Engineering,"{""1"":""Implements a design handed to them; rarely raises non-functional concerns."",""2"":""Designs a single service or module; accounts for load and failure in the common path."",""3"":""Designs multi-service flows; makes explicit tradeoffs between consistency, latency, and cost."",""4"":""Designs across team boundaries; anticipates second-order failure modes; peers adopt their patterns."",""5"":""Sets architectural direction referenced org-wide; designs become the reference standard.""}",18,true,0.05
code_quality,Code Quality,department,Engineering,"{""1"":""Code works but needs significant rework in review; limited test coverage."",""2"":""Code is clean and mostly self-explanatory; covers the common paths with tests."",""3"":""Code anticipates edge cases; reviews from others require few structural changes."",""4"":""Sets the quality bar for the team; review comments focus on architecture, not correctness."",""5"":""Code and review practices are studied and copied by other teams.""}",18,true,0.05
negotiation,Negotiation,department,Sales,"{""1"":""Follows a script; struggles when the buyer pushes back."",""2"":""Handles standard objections; closes straightforward deals."",""3"":""Structures win-win terms on multi-stakeholder deals."",""4"":""Navigates complex, high-stakes negotiations others have stalled on."",""5"":""Negotiation approach is taught to the rest of the org.""}",18,true,0.05
pipeline_mgmt,Pipeline Management,department,Sales,"{""1"":""Pipeline data is inconsistent; forecasts are frequently wrong."",""2"":""Maintains an accurate pipeline for their own book of business."",""3"":""Forecasts reliably even with an uneven deal mix."",""4"":""Pipeline discipline is used as the team's forecasting reference."",""5"":""Builds the forecasting methodology other teams adopt.""}",18,true,0.05
campaign_strategy,Campaign Strategy,department,Marketing,"{""1"":""Executes campaigns designed by others with little independent judgment."",""2"":""Plans and runs a single-channel campaign end to end."",""3"":""Designs multi-channel campaigns tied to clear business outcomes."",""4"":""Campaign strategy shapes quarterly go-to-market planning."",""5"":""Sets brand/campaign strategy referenced across the org.""}",18,true,0.05
content_quality,Content Quality,department,Marketing,"{""1"":""Content needs heavy rework before it can ship."",""2"":""Produces clean, on-brief content independently."",""3"":""Content consistently drives measurable engagement above baseline."",""4"":""Sets the quality bar and voice other writers are trained against."",""5"":""Content is cited externally as best-in-class for the category.""}",18,true,0.05
roadmap_prioritization,Roadmap Prioritization,department,Product,"{""1"":""Prioritizes by whoever asked most recently."",""2"":""Prioritizes a single product area using basic impact/effort reasoning."",""3"":""Prioritizes across competing stakeholder demands with clear tradeoff logic."",""4"":""Roadmap decisions anticipate second-order effects across products."",""5"":""Prioritization framework is adopted company-wide.""}",18,true,0.05
stakeholder_alignment,Stakeholder Alignment,department,Product,"{""1"":""Stakeholders are frequently surprised by decisions."",""2"":""Keeps immediate stakeholders informed and aligned."",""3"":""Pre-aligns competing stakeholders before decisions are finalized."",""4"":""Resolves org-level stakeholder conflict others could not."",""5"":""Trusted to align stakeholders on the company's most contentious bets.""}",18,true,0.05
visual_craft,Visual Craft,department,Design,"{""1"":""Output needs significant rework to meet the bar."",""2"":""Produces clean, on-brand visual work independently."",""3"":""Visual craft elevates the perceived quality of the whole product."",""4"":""Sets the visual standard other designers are trained against."",""5"":""Work is recognized externally as category-defining.""}",18,true,0.05
ux_research,UX Research,department,Design,"{""1"":""Runs research sessions only with heavy guidance."",""2"":""Independently runs standard usability studies."",""3"":""Research findings directly change product decisions."",""4"":""Builds research methods/practices the whole team adopts."",""5"":""Research program is referenced as a model outside the company.""}",18,true,0.05
financial_modeling,Financial Modeling,department,Finance,"{""1"":""Models contain frequent errors; needs heavy review."",""2"":""Builds standard models independently and accurately."",""3"":""Builds models that hold up under stakeholder scrutiny and scenario stress-testing."",""4"":""Models used directly in board-level or executive decisions."",""5"":""Modeling approach is the standard referenced across the finance org.""}",18,true,0.05
compliance_rigor,Compliance Rigor,department,Finance,"{""1"":""Misses compliance steps without close oversight."",""2"":""Reliably follows compliance procedures on standard cases."",""3"":""Identifies and closes compliance gaps proactively."",""4"":""Designs controls that prevent whole classes of compliance failure."",""5"":""Sets compliance policy referenced org-wide.""}",18,true,0.05
talent_assessment,Talent Assessment,department,HR,"{""1"":""Assessments are inconsistent and hard to justify."",""2"":""Produces fair, defensible assessments on standard cases."",""3"":""Assessments hold up under challenge; calibrates well against peers."",""4"":""Assessment approach is used to calibrate other assessors."",""5"":""Sets the org's talent assessment methodology.""}",18,true,0.05
policy_navigation,Policy Navigation,department,HR,"{""1"":""Struggles to apply policy correctly to non-standard cases."",""2"":""Applies standard policy correctly and consistently."",""3"":""Navigates ambiguous policy situations with sound judgment."",""4"":""Shapes policy interpretation others rely on."",""5"":""Trusted to set policy precedent for the org.""}",18,true,0.05
customer_resolution,Customer Resolution,department,Support,"{""1"":""Needs escalation for anything beyond the basic script."",""2"":""Resolves standard tickets independently and correctly."",""3"":""Resolves complex, high-friction cases others have escalated."",""4"":""Resolution approach becomes the team's playbook for hard cases."",""5"":""Sought out org-wide for the highest-stakes customer situations.""}",18,true,0.05
troubleshooting,Troubleshooting,department,Support,"{""1"":""Diagnoses only well-documented, common issues."",""2"":""Independently diagnoses standard technical issues."",""3"":""Diagnoses novel, multi-system issues without a runbook."",""4"":""Builds the runbooks/tools the rest of the team diagnoses with."",""5"":""The org's final escalation point for unsolved technical issues.""}",18,true,0.05